{"cameraMode":{"drawMode":0,"name":"Shaded","section":"Shading Mode"},"sceneLighting":false,"audioPlay":false,"sceneViewState":{"m_AlwaysRefresh":false,"showFog":true,"showSkybox":false,"showFlares":true,"showImageEffects":true,"showParticleSystems":true,"showVisualEffectGraphs":true,"m_FxEnabled":true},"in2DMode":false,"pivot":{"x":0.1794224977493286,"y":-0.08931995928287506,"z":-0.02741551399230957},"rotation":{"x":-0.0036658395547419788,"y":0.9813721179962158,"z":0.01883567124605179,"w":0.1910787671804428},"size":0.9695987105369568,"orthographic":true}